{"is_source_file": true, "format": "Python", "description": "Django models file defining database models for the backend API of a tic-tac-toe web game project.", "external_files": ["django.db.models"], "external_methods": [], "published": ["models"], "classes": [], "methods": [], "calls": [], "search-terms": ["models", "django", "api", "tic-tac-toe"], "state": 2, "file_id": 12, "knowledge_revision": 35, "git_revision": "be39f81ce7662a6d01b1fbb55377a480479d20c2", "ctags": [], "hash": "8c4eb991c6dca757bdd77f539092e29b", "format-version": 4, "code-base-name": "backend", "filename": "backend/api/models.py", "revision_history": [{"35": "be39f81ce7662a6d01b1fbb55377a480479d20c2"}]}