{"is_source_file": true, "format": "Python", "description": "This Python script defines a Django management command to generate an OpenAPI schema using drf_yasg, which is then saved as a JSON file in a specified directory.", "external_files": ["json", "os", "django.core.management.base", "django.test", "drf_yasg.openapi", "drf_yasg.views", "rest_framework.permissions"], "external_methods": ["get_schema_view", "AllowAny", "json.loads", "json.dump", "os.makedirs", "os.path.join"], "published": ["Command"], "classes": [{"name": "Command", "description": "A Django management command that generates an OpenAPI schema and saves it as a JSON file."}], "methods": [{"name": "handle(self, *args, **options)", "description": "The main method executed when the command runs; it creates a schema view, retrieves the OpenAPI schema, and saves it to a file.", "scope": "Command", "scopeKind": "class"}], "calls": ["RequestFactory.get", "get_schema_view", "schema_view.without_ui", "json.loads", "json.dump", "os.makedirs", "os.path.join"], "search-terms": ["generate_openapi.py", "Django management command", "drf_yasg schema view", "OpenAPI schema generation", "save schema to file"], "state": 2, "file_id": 14, "knowledge_revision": 34, "git_revision": "be39f81ce7662a6d01b1fbb55377a480479d20c2", "ctags": [{"_type": "tag", "name": "Command", "path": "/home/kavia/workspace/code-generation/tic-tac-toe-web-game-202408-202709/backend/api/management/commands/generate_openapi.py", "pattern": "/^class Command(BaseCommand):$/", "language": "Python", "kind": "class"}, {"_type": "tag", "name": "handle", "path": "/home/kavia/workspace/code-generation/tic-tac-toe-web-game-202408-202709/backend/api/management/commands/generate_openapi.py", "pattern": "/^    def handle(self, *args, **options):$/", "language": "Python", "kind": "member", "signature": "(self, *args, **options)", "scope": "Command", "scopeKind": "class"}], "hash": "ecbef1ab975654f383ec74e3c38d3bd0", "format-version": 4, "code-base-name": "backend", "filename": "backend/api/management/commands/generate_openapi.py", "revision_history": [{"34": "be39f81ce7662a6d01b1fbb55377a480479d20c2"}]}