{"is_source_file": true, "format": "Python", "description": "Django admin configuration file for registering models with the admin site.", "external_files": ["django.contrib.admin"], "external_methods": [], "published": [], "classes": [], "methods": [], "calls": [], "search-terms": ["admin", "django", "register", "models", "admin.py"], "state": 2, "file_id": 10, "knowledge_revision": 26, "git_revision": "be39f81ce7662a6d01b1fbb55377a480479d20c2", "ctags": [], "hash": "e3dc717de887db03a015667a5fec59d8", "format-version": 4, "code-base-name": "backend", "filename": "backend/api/admin.py", "revision_history": [{"26": "be39f81ce7662a6d01b1fbb55377a480479d20c2"}]}