{"is_source_file": true, "format": "Python", "description": "This file contains the WSGI configuration for a Django web project, setting up the application callable for deployment.", "external_files": ["django.core.wsgi"], "external_methods": ["django.core.wsgi.get_wsgi_application"], "published": ["application"], "classes": [], "methods": [{"name": "get_wsgi_application", "description": "Returns the WSGI application callable for the Django project."}], "calls": ["django.core.wsgi.get_wsgi_application"], "search-terms": ["WSGI", "django", "application", "settings", "wsgi.py", "config.settings"], "state": 2, "file_id": 7, "knowledge_revision": 28, "git_revision": "be39f81ce7662a6d01b1fbb55377a480479d20c2", "ctags": [{"_type": "tag", "name": "application", "path": "/home/kavia/workspace/code-generation/tic-tac-toe-web-game-202408-202709/backend/config/wsgi.py", "pattern": "/^application = get_wsgi_application()$/", "language": "Python", "kind": "variable"}], "hash": "412e3606d946f0fb4dbc98443c4cf8bb", "format-version": 4, "code-base-name": "backend", "filename": "backend/config/wsgi.py", "fields": [{"name": "application = get_wsgi_application()", "scope": "", "scopeKind": "", "description": "unavailable"}], "revision_history": [{"28": "be39f81ce7662a6d01b1fbb55377a480479d20c2"}]}