{"is_source_file": true, "format": "Python", "description": "A simple Django REST Framework view module defining a health check endpoint.", "external_files": ["rest_framework.decorators", "rest_framework.response"], "external_methods": ["rest_framework.decorators.api_view", "rest_framework.response.Response"], "published": ["health"], "classes": [], "methods": [{"name": "health(request)", "description": "A view function that responds with a JSON message indicating the server is operational.", "scope": "", "scopeKind": ""}], "calls": ["rest_framework.response.Response"], "search-terms": ["health", "api_view", "Response", "django", "rest_framework", "view", "server status"], "state": 2, "file_id": 8, "knowledge_revision": 23, "git_revision": "be39f81ce7662a6d01b1fbb55377a480479d20c2", "ctags": [{"_type": "tag", "name": "health", "path": "/home/kavia/workspace/code-generation/tic-tac-toe-web-game-202408-202709/backend/api/views.py", "pattern": "/^def health(request):$/", "language": "Python", "kind": "function", "signature": "(request)"}], "hash": "e3ccd8059b968c2eaeb07756801c967e", "format-version": 4, "code-base-name": "backend", "filename": "backend/api/views.py", "revision_history": [{"23": "be39f81ce7662a6d01b1fbb55377a480479d20c2"}]}