{"is_source_file": true, "format": "Python", "description": "Django application configuration class for the 'api' app", "external_files": ["django.apps"], "external_methods": [], "published": ["ApiConfig"], "classes": [{"name": "ApiConfig", "description": "A Django AppConfig subclass configuring the 'api' application"}], "methods": [], "calls": [], "search-terms": ["ApiConfig", "django.apps", "AppConfig", "api"], "state": 2, "file_id": 18, "knowledge_revision": 36, "git_revision": "be39f81ce7662a6d01b1fbb55377a480479d20c2", "ctags": [{"_type": "tag", "name": "ApiConfig", "path": "/home/kavia/workspace/code-generation/tic-tac-toe-web-game-202408-202709/backend/api/apps.py", "pattern": "/^class ApiConfig(AppConfig):$/", "language": "Python", "kind": "class"}, {"_type": "tag", "name": "default_auto_field", "path": "/home/kavia/workspace/code-generation/tic-tac-toe-web-game-202408-202709/backend/api/apps.py", "pattern": "/^    default_auto_field = 'django.db.models.BigAutoField'$/", "language": "Python", "kind": "variable", "scope": "ApiConfig", "scopeKind": "class"}, {"_type": "tag", "name": "name", "path": "/home/kavia/workspace/code-generation/tic-tac-toe-web-game-202408-202709/backend/api/apps.py", "pattern": "/^    name = 'api'$/", "language": "Python", "kind": "variable", "scope": "ApiConfig", "scopeKind": "class"}], "hash": "bab3d631f5f5469f51f393529afba367", "format-version": 4, "code-base-name": "backend", "filename": "backend/api/apps.py", "fields": [{"name": "default_auto_field = 'django.db.models.BigAutoField'", "scope": "ApiConfig", "scopeKind": "class", "description": "unavailable"}, {"name": "name = 'api'", "scope": "ApiConfig", "scopeKind": "class", "description": "unavailable"}], "revision_history": [{"36": "be39f81ce7662a6d01b1fbb55377a480479d20c2"}]}