{"is_source_file": true, "format": "Python", "description": "This is a standard Django manage.py script used for administrative tasks such as running server commands, migrations, and other Django management commands.", "external_files": ["django.core.management"], "external_methods": ["django.core.management.execute_from_command_line"], "published": ["main"], "classes": [], "methods": [{"name": "main()", "description": "Executes Django administrative commands by invoking execute_from_command_line with sys.argv.", "scope": "", "scopeKind": ""}], "calls": ["django.core.management.execute_from_command_line"], "search-terms": ["manage.py", "Django", "management commands", "execute_from_command_line", "DJANGO_SETTINGS_MODULE"], "state": 2, "file_id": 2, "knowledge_revision": 25, "git_revision": "be39f81ce7662a6d01b1fbb55377a480479d20c2", "ctags": [{"_type": "tag", "name": "main", "path": "/home/kavia/workspace/code-generation/tic-tac-toe-web-game-202408-202709/backend/manage.py", "pattern": "/^def main():$/", "language": "Python", "kind": "function", "signature": "()"}], "hash": "09ce28f22db4398409f377833475117f", "format-version": 4, "code-base-name": "backend", "filename": "backend/manage.py", "revision_history": [{"25": "be39f81ce7662a6d01b1fbb55377a480479d20c2"}]}