{"is_source_file": true, "format": "Python", "description": "This file defines URL routing for the Django web application's backend API, mapping the 'health/' endpoint to the 'health' view.", "external_files": ["django.urls", ".views"], "external_methods": ["django.urls.path", "health"], "published": [], "classes": [], "methods": [{"name": "health", "description": "The view function that handles requests to the 'health/' endpoint."}], "calls": ["path", "health"], "search-terms": ["Django URL configuration", "health endpoint", "urls.py", "view import", "URL pattern"], "state": 2, "file_id": 9, "knowledge_revision": 30, "git_revision": "be39f81ce7662a6d01b1fbb55377a480479d20c2", "ctags": [{"_type": "tag", "name": "urlpatterns", "path": "/home/kavia/workspace/code-generation/tic-tac-toe-web-game-202408-202709/backend/api/urls.py", "pattern": "/^urlpatterns = [$/", "language": "Python", "kind": "variable"}], "hash": "b0c92d4c1f622aa361c1fb5a0594d5d6", "format-version": 4, "code-base-name": "backend", "filename": "backend/api/urls.py", "fields": [{"name": "urlpatterns = [", "scope": "", "scopeKind": "", "description": "unavailable"}], "revision_history": [{"30": "be39f81ce7662a6d01b1fbb55377a480479d20c2"}]}