{"is_source_file": true, "format": "Python", "description": "This file is a Django URL configuration module that defines URL patterns for a web application, including API endpoints, schema views, and documentation views like Swagger and ReDoc.", "external_files": ["django.contrib", "django.urls", "rest_framework", "drf_yasg.views", "drf_yasg", "django.views.decorators.csrf"], "external_methods": ["admin.site.urls", "path", "include", "re_path", "permissions.AllowAny", "get_schema_view", "openapi.Info", "csrf_exempt", "get_full_url"], "published": [], "classes": [], "methods": [{"name": "get_full_url(request)", "description": "Constructs the full URL for the request based on scheme, host, and forwarded port.", "scope": "", "scopeKind": ""}, {"name": "dynamic_schema_view(request, *args, **kwargs)", "description": "Dynamically generates and returns the Swagger UI schema view for API documentation.", "scope": "", "scopeKind": ""}], "calls": ["get_schema_view", "get_schema_view", "get_schema_view", "get_schema_view", "get_schema_view", "get_full_url", "view.with_ui", "view.without_ui"], "search-terms": ["urlpatterns", "schema_view", "get_schema_view", "swagger", "redoc", "django.urls", "drf_yasg"], "state": 2, "file_id": 3, "knowledge_revision": 22, "git_revision": "be39f81ce7662a6d01b1fbb55377a480479d20c2", "ctags": [{"_type": "tag", "name": "dynamic_schema_view", "path": "/home/kavia/workspace/code-generation/tic-tac-toe-web-game-202408-202709/backend/config/urls.py", "pattern": "/^def dynamic_schema_view(request, *args, **kwargs):$/", "language": "Python", "kind": "function", "signature": "(request, *args, **kwargs)"}, {"_type": "tag", "name": "get_full_url", "path": "/home/kavia/workspace/code-generation/tic-tac-toe-web-game-202408-202709/backend/config/urls.py", "pattern": "/^def get_full_url(request):$/", "language": "Python", "kind": "function", "signature": "(request)"}, {"_type": "tag", "name": "schema_view", "path": "/home/kavia/workspace/code-generation/tic-tac-toe-web-game-202408-202709/backend/config/urls.py", "pattern": "/^schema_view = get_schema_view($/", "language": "Python", "kind": "variable"}, {"_type": "tag", "name": "urlpatterns", "path": "/home/kavia/workspace/code-generation/tic-tac-toe-web-game-202408-202709/backend/config/urls.py", "pattern": "/^urlpatterns = [$/", "language": "Python", "kind": "variable"}], "hash": "482cd4ea609c28e217819d5339030112", "format-version": 4, "code-base-name": "backend", "filename": "backend/config/urls.py", "fields": [{"name": "schema_view = get_schema_view(", "scope": "", "scopeKind": "", "description": "unavailable"}, {"name": "urlpatterns = [", "scope": "", "scopeKind": "", "description": "unavailable"}], "revision_history": [{"22": "be39f81ce7662a6d01b1fbb55377a480479d20c2"}]}