{"is_source_file": true, "format": "Python", "description": "This file is a Django ASGI configuration script that sets up the ASGI application for deployment. It imports necessary modules, sets environment variables, and exposes the application callable.", "external_files": ["django.core.asgi", "config.settings"], "external_methods": ["django.core.asgi.get_asgi_application"], "published": ["application"], "classes": [], "methods": [{"name": "get_asgi_application", "description": "Instantiates and returns the ASGI application object for the Django project."}], "calls": ["django.core.asgi.get_asgi_application"], "search-terms": ["ASGI", "Django", "application", "settings", "ASGI config"], "state": 2, "file_id": 6, "knowledge_revision": 32, "git_revision": "be39f81ce7662a6d01b1fbb55377a480479d20c2", "ctags": [{"_type": "tag", "name": "application", "path": "/home/kavia/workspace/code-generation/tic-tac-toe-web-game-202408-202709/backend/config/asgi.py", "pattern": "/^application = get_asgi_application()$/", "language": "Python", "kind": "variable"}], "hash": "63d5777b090ac063ecd29c3dfa786ba5", "format-version": 4, "code-base-name": "backend", "filename": "backend/config/asgi.py", "fields": [{"name": "application = get_asgi_application()", "scope": "", "scopeKind": "", "description": "unavailable"}], "revision_history": [{"32": "be39f81ce7662a6d01b1fbb55377a480479d20c2"}]}